customer_id,recency,frequency,monetary,r_score,f_score,m_score,rfm_score,segment
CUST0001,95,4,29000000,2,2,2,222,Lost
CUST0002,24,5,33500000,4,3,3,433,Loyal Customers
CUST0003,38,6,121500000,3,4,5,345,Loyal Customers
CUST0004,111,9,40700000,1,5,3,153,At Risk
CUST0005,135,5,39000000,1,3,3,133,At Risk
CUST0006,33,3,12500000,3,1,1,311,Regular
CUST0007,25,9,94500000,4,5,5,455,Champions
CUST0008,5,3,30000000,5,1,2,512,Promising
CUST0009,28,2,51000000,4,1,4,414,Promising
CUST0010,35,5,84000000,3,3,5,335,Loyal Customers
CUST0011,10,6,32800000,5,4,3,543,Loyal Customers
CUST0012,98,2,20000000,2,1,1,211,Lost
CUST0013,146,3,15000000,1,1,1,111,Lost
CUST0014,28,10,75500000,4,5,5,455,Champions
CUST0015,50,3,12500000,3,1,1,311,Regular
CUST0016,11,8,46800000,5,5,3,553,Loyal Customers
CUST0017,30,7,57900000,4,4,4,444,Champions
CUST0018,50,6,66500000,3,4,4,344,Loyal Customers
CUST0019,16,6,70000000,4,4,5,445,Champions
CUST0020,44,2,7500000,3,1,1,311,Regular
CUST0021,2,5,28500000,5,3,2,532,Loyal Customers
CUST0022,82,4,55000000,2,2,4,224,Lost
CUST0023,9,3,61500000,5,1,4,514,Promising
CUST0024,27,8,63400000,4,5,4,454,Champions
CUST0025,140,2,18000000,1,1,1,111,Lost
CUST0026,6,7,87000000,5,4,5,545,Champions
CUST0027,10,6,95100000,5,4,5,545,Champions
CUST0028,21,4,43500000,4,2,3,423,Promising
CUST0029,164,3,19000000,1,1,1,111,Lost
CUST0030,46,4,54000000,3,2,4,324,Regular
CUST0031,17,12,97800000,4,5,5,455,Champions
CUST0032,53,5,42500000,3,3,3,333,Loyal Customers
CUST0033,16,8,51700000,4,5,4,454,Champions
CUST0034,36,4,23500000,3,2,2,322,Regular
CUST0035,42,2,37600000,3,1,3,313,Regular
CUST0036,101,3,49500000,2,1,4,214,Lost
CUST0037,180,4,22500000,1,2,2,122,Lost
CUST0038,145,4,42500000,1,2,3,123,Lost
CUST0039,63,7,40000000,2,4,3,243,At Risk
CUST0040,37,5,34800000,3,3,3,333,Loyal Customers
CUST0041,3,3,5000000,5,1,1,511,Promising
CUST0042,80,5,67000000,2,3,5,235,At Risk
CUST0043,110,2,27000000,1,1,2,112,Lost
CUST0044,75,6,31000000,2,4,2,242,At Risk
CUST0045,1,3,29000000,5,1,2,512,Promising
CUST0046,26,5,54000000,4,3,4,434,Loyal Customers
CUST0047,341,4,55400000,1,2,4,124,Lost
CUST0048,250,2,33000000,1,1,3,113,Lost
CUST0049,9,9,67800000,5,5,5,555,Champions
CUST0050,156,5,74500000,1,3,5,135,At Risk
CUST0051,159,2,13500000,1,1,1,111,Lost
CUST0052,9,11,64000000,5,5,4,554,Champions
CUST0053,53,7,79200000,3,4,5,345,Loyal Customers
CUST0054,41,1,800000,3,1,1,311,Regular
CUST0055,93,5,48000000,2,3,4,234,At Risk
CUST0056,85,5,51000000,2,3,4,234,At Risk
CUST0057,33,7,30300000,3,4,2,342,Loyal Customers
CUST0058,135,5,47000000,1,3,3,133,At Risk
CUST0059,39,5,10600000,3,3,1,331,Loyal Customers
CUST0060,23,3,46000000,4,1,3,413,Promising
CUST0061,11,7,30600000,5,4,2,542,Loyal Customers
CUST0062,174,2,35000000,1,1,3,113,Lost
CUST0063,2,8,74400000,5,5,5,555,Champions
CUST0064,9,3,29000000,5,1,2,512,Promising
CUST0065,110,5,77000000,1,3,5,135,At Risk
CUST0066,32,7,36400000,4,4,3,443,Loyal Customers
CUST0067,1,4,36000000,5,2,3,523,Promising
CUST0068,21,5,50500000,4,3,4,434,Loyal Customers
CUST0069,6,5,43200000,5,3,3,533,Loyal Customers
CUST0070,11,5,32000000,5,3,2,532,Loyal Customers
CUST0071,40,5,28300000,3,3,2,332,Loyal Customers
CUST0072,37,5,48000000,3,3,4,334,Loyal Customers
CUST0073,115,3,49500000,1,1,4,114,Lost
CUST0074,29,7,102800000,4,4,5,445,Champions
CUST0075,22,4,22800000,4,2,2,422,Promising
CUST0076,17,5,22000000,4,3,2,432,Loyal Customers
CUST0077,9,8,85000000,5,5,5,555,Champions
CUST0078,236,1,45000000,1,1,3,113,Lost
CUST0079,6,4,21000000,5,2,1,521,Promising
CUST0080,9,5,48400000,5,3,4,534,Loyal Customers
CUST0081,190,2,7600000,1,1,1,111,Lost
CUST0082,72,6,119500000,2,4,5,245,At Risk
CUST0083,11,8,55800000,5,5,4,554,Champions
CUST0084,24,4,27000000,4,2,2,422,Promising
CUST0085,14,6,71000000,5,4,5,545,Champions
CUST0086,66,5,63000000,2,3,4,234,At Risk
CUST0087,79,5,64500000,2,3,4,234,At Risk
CUST0088,17,7,102000000,4,4,5,445,Champions
CUST0089,48,6,50500000,3,4,4,344,Loyal Customers
CUST0090,21,5,28700000,4,3,2,432,Loyal Customers
CUST0091,89,4,29400000,2,2,2,222,Lost
CUST0092,102,4,47500000,2,2,4,224,Lost
CUST0093,55,8,83800000,3,5,5,355,Loyal Customers
CUST0094,119,5,29400000,1,3,2,132,At Risk
CUST0095,81,10,86800000,2,5,5,255,At Risk
CUST0096,100,2,9000000,2,1,1,211,Lost
CUST0097,22,4,34000000,4,2,3,423,Promising
CUST0098,31,5,30500000,4,3,2,432,Loyal Customers
CUST0099,298,4,15900000,1,2,1,121,Lost
CUST0100,45,1,8000000,3,1,1,311,Regular
CUST0101,100,2,17000000,2,1,1,211,Lost
CUST0102,11,6,31500000,5,4,2,542,Loyal Customers
CUST0103,25,9,89800000,4,5,5,455,Champions
CUST0104,144,3,12500000,1,1,1,111,Lost
CUST0105,102,6,62400000,2,4,4,244,At Risk
CUST0106,104,8,63000000,2,5,4,254,At Risk
CUST0107,25,10,91600000,4,5,5,455,Champions
CUST0108,4,3,32500000,5,1,2,512,Promising
CUST0110,57,5,39500000,2,3,3,233,At Risk
CUST0111,97,4,83000000,2,2,5,225,Lost
CUST0112,191,3,45000000,1,1,3,113,Lost
CUST0113,17,5,51000000,4,3,4,434,Loyal Customers
CUST0114,31,7,44100000,4,4,3,443,Loyal Customers
CUST0115,20,12,87400000,4,5,5,455,Champions
CUST0116,76,4,53000000,2,2,4,224,Lost
CUST0117,57,5,30000000,2,3,2,232,At Risk
CUST0118,14,8,101000000,5,5,5,555,Champions
CUST0119,12,8,45000000,5,5,3,553,Loyal Customers
CUST0120,71,4,27400000,2,2,2,222,Lost
CUST0121,146,2,27000000,1,1,2,112,Lost
CUST0122,43,2,30000000,3,1,2,312,Regular
CUST0123,14,7,77000000,5,4,5,545,Champions
CUST0124,47,6,43000000,3,4,3,343,Loyal Customers
CUST0125,29,5,40000000,4,3,3,433,Loyal Customers
CUST0126,39,6,13700000,3,4,1,341,Loyal Customers
CUST0127,95,5,53400000,2,3,4,234,At Risk
CUST0128,22,8,44500000,4,5,3,453,Loyal Customers
CUST0129,39,3,15800000,3,1,1,311,Regular
CUST0130,68,7,48000000,2,4,4,244,At Risk
CUST0131,38,5,50500000,3,3,4,334,Loyal Customers
CUST0132,10,3,25500000,5,1,2,512,Promising
CUST0133,2,6,78000000,5,4,5,545,Champions
CUST0134,207,5,84000000,1,3,5,135,At Risk
CUST0135,245,3,27800000,1,1,2,112,Lost
CUST0136,3,5,40400000,5,3,3,533,Loyal Customers
CUST0137,142,3,65000000,1,1,4,114,Lost
CUST0138,29,8,62800000,4,5,4,454,Champions
CUST0139,55,4,23000000,3,2,2,322,Regular
CUST0140,139,4,53000000,1,2,4,124,Lost
CUST0141,7,8,98800000,5,5,5,555,Champions
CUST0142,23,2,9500000,4,1,1,411,Promising
CUST0143,249,4,21500000,1,2,1,121,Lost
CUST0144,88,5,30500000,2,3,2,232,At Risk
CUST0145,253,2,7500000,1,1,1,111,Lost
CUST0146,48,11,83000000,3,5,5,355,Loyal Customers
CUST0147,18,5,39800000,4,3,3,433,Loyal Customers
CUST0148,115,1,6000000,1,1,1,111,Lost
CUST0149,55,10,71500000,3,5,5,355,Loyal Customers
CUST0150,220,4,17000000,1,2,1,121,Lost
CUST0151,11,6,54400000,5,4,4,544,Champions
CUST0152,77,3,17300000,2,1,1,211,Lost
CUST0153,27,5,72400000,4,3,5,435,Loyal Customers
CUST0154,54,5,60800000,3,3,4,334,Loyal Customers
CUST0155,64,6,37900000,2,4,3,243,At Risk
CUST0156,60,5,84800000,2,3,5,235,At Risk
CUST0157,165,1,5000000,1,1,1,111,Lost
CUST0158,42,4,37000000,3,2,3,323,Regular
CUST0159,231,2,24800000,1,1,2,112,Lost
CUST0160,3,9,47200000,5,5,3,553,Loyal Customers
CUST0161,14,9,67300000,5,5,5,555,Champions
CUST0162,38,5,22400000,3,3,2,332,Loyal Customers
CUST0163,9,3,40500000,5,1,3,513,Promising
CUST0164,107,1,3000000,1,1,1,111,Lost
CUST0165,28,8,79800000,4,5,5,455,Champions
CUST0166,153,4,22500000,1,2,2,122,Lost
CUST0167,69,4,62500000,2,2,4,224,Lost
CUST0168,6,8,64000000,5,5,4,554,Champions
CUST0169,46,7,55000000,3,4,4,344,Loyal Customers
CUST0170,12,7,82800000,5,4,5,545,Champions
CUST0171,42,2,27000000,3,1,2,312,Regular
CUST0172,218,4,78500000,1,2,5,125,Lost
CUST0173,137,2,7000000,1,1,1,111,Lost
CUST0174,45,5,25300000,3,3,2,332,Loyal Customers
CUST0175,56,3,12000000,2,1,1,211,Lost
CUST0176,90,6,18500000,2,4,1,241,At Risk
CUST0177,2,2,25200000,5,1,2,512,Promising
CUST0178,47,2,13000000,3,1,1,311,Regular
CUST0179,10,4,45000000,5,2,3,523,Promising
CUST0180,141,5,61500000,1,3,4,134,At Risk
CUST0181,12,6,78500000,5,4,5,545,Champions
CUST0182,158,5,28400000,1,3,2,132,At Risk
CUST0183,85,7,41000000,2,4,3,243,At Risk
CUST0184,301,1,8000000,1,1,1,111,Lost
CUST0185,6,4,40000000,5,2,3,523,Promising
CUST0186,23,7,21000000,4,4,1,441,Loyal Customers
CUST0187,59,3,14500000,2,1,1,211,Lost
CUST0188,129,2,23000000,1,1,2,112,Lost
CUST0189,58,9,106000000,2,5,5,255,At Risk
CUST0190,38,2,30000000,3,1,2,312,Regular
CUST0191,8,5,40300000,5,3,3,533,Loyal Customers
CUST0192,46,5,79000000,3,3,5,335,Loyal Customers
CUST0193,11,4,63000000,5,2,4,524,Promising
CUST0194,65,4,33000000,2,2,3,223,Lost
CUST0195,138,6,55500000,1,4,4,144,At Risk
CUST0196,74,4,41000000,2,2,3,223,Lost
CUST0197,1,6,36600000,5,4,3,543,Loyal Customers
CUST0198,80,3,24000000,2,1,2,212,Lost
CUST0199,193,3,19500000,1,1,1,111,Lost
CUST0200,45,3,30000000,3,1,2,312,Regular
CUST0201,105,3,3400000,1,1,1,111,Lost
CUST0202,50,5,16700000,3,3,1,331,Loyal Customers
CUST0203,103,6,22400000,2,4,2,242,At Risk
CUST0204,59,2,39000000,2,1,3,213,Lost
CUST0205,42,8,33200000,3,5,3,353,Loyal Customers
CUST0206,252,1,8000000,1,1,1,111,Lost
CUST0207,8,9,109000000,5,5,5,555,Champions
CUST0208,201,3,17200000,1,1,1,111,Lost
CUST0209,3,11,109000000,5,5,5,555,Champions
CUST0210,61,7,53300000,2,4,4,244,At Risk
CUST0211,10,5,53000000,5,3,4,534,Loyal Customers
CUST0212,5,5,56200000,5,3,4,534,Loyal Customers
CUST0213,11,6,33500000,5,4,3,543,Loyal Customers
CUST0214,50,9,77000000,3,5,5,355,Loyal Customers
CUST0215,97,4,51800000,2,2,4,224,Lost
CUST0216,86,3,29500000,2,1,2,212,Lost
CUST0217,6,3,23400000,5,1,2,512,Promising
CUST0218,1,3,9000000,5,1,1,511,Promising
CUST0219,50,5,34700000,3,3,3,333,Loyal Customers
CUST0220,146,4,19800000,1,2,1,121,Lost
CUST0221,164,8,70400000,1,5,5,155,At Risk
CUST0222,102,4,31500000,2,2,2,222,Lost
CUST0223,14,5,55400000,5,3,4,534,Loyal Customers
CUST0224,124,3,8100000,1,1,1,111,Lost
CUST0225,78,8,83500000,2,5,5,255,At Risk
CUST0226,179,2,18000000,1,1,1,111,Lost
CUST0227,85,3,21500000,2,1,1,211,Lost
CUST0228,2,3,27000000,5,1,2,512,Promising
CUST0229,81,7,39800000,2,4,3,243,At Risk
CUST0230,16,9,52100000,4,5,4,454,Champions
CUST0231,84,3,9500000,2,1,1,211,Lost
CUST0232,215,4,51800000,1,2,4,124,Lost
CUST0233,80,4,16500000,2,2,1,221,Lost
CUST0234,14,11,107400000,5,5,5,555,Champions
CUST0235,109,5,21400000,1,3,1,131,At Risk
CUST0236,41,2,27000000,3,1,2,312,Regular
CUST0237,47,4,21000000,3,2,1,321,Regular
CUST0238,253,3,21500000,1,1,1,111,Lost
CUST0239,36,4,76500000,3,2,5,325,Regular
CUST0240,164,6,99800000,1,4,5,145,At Risk
CUST0241,28,8,34700000,4,5,3,453,Loyal Customers
CUST0242,84,2,8000000,2,1,1,211,Lost
CUST0243,1,8,78800000,5,5,5,555,Champions
CUST0244,17,7,67000000,4,4,5,445,Champions
CUST0245,18,6,55500000,4,4,4,444,Champions
CUST0246,4,11,99800000,5,5,5,555,Champions
CUST0247,148,4,7300000,1,2,1,121,Lost
CUST0248,1,4,26000000,5,2,2,522,Promising
CUST0249,53,4,72500000,3,2,5,325,Regular
CUST0250,8,5,53800000,5,3,4,534,Loyal Customers
CUST0251,7,3,6500000,5,1,1,511,Promising
CUST0252,215,2,17600000,1,1,1,111,Lost
CUST0253,24,5,73500000,4,3,5,435,Loyal Customers
CUST0254,61,4,32000000,2,2,2,222,Lost
CUST0255,14,8,70000000,5,5,5,555,Champions
CUST0256,34,4,19800000,3,2,1,321,Regular
CUST0257,150,1,800000,1,1,1,111,Lost
CUST0258,48,5,55500000,3,3,4,334,Loyal Customers
CUST0259,5,7,52000000,5,4,4,544,Champions
CUST0260,35,6,26000000,3,4,2,342,Loyal Customers
CUST0261,77,5,44800000,2,3,3,233,At Risk
CUST0262,53,5,37400000,3,3,3,333,Loyal Customers
CUST0263,184,1,8000000,1,1,1,111,Lost
CUST0264,1,3,37000000,5,1,3,513,Promising
CUST0265,61,5,50500000,2,3,4,234,At Risk
CUST0266,68,7,56500000,2,4,4,244,At Risk
CUST0267,4,1,6000000,5,1,1,511,Promising
CUST0269,35,6,50400000,3,4,4,344,Loyal Customers
CUST0270,40,8,69900000,3,5,5,355,Loyal Customers
CUST0271,22,5,57400000,4,3,4,434,Loyal Customers
CUST0272,212,3,28000000,1,1,2,112,Lost
CUST0273,22,6,50000000,4,4,4,444,Champions
CUST0274,268,3,29000000,1,1,2,112,Lost
CUST0275,104,2,6400000,2,1,1,211,Lost
CUST0276,7,3,23800000,5,1,2,512,Promising
CUST0277,37,5,97000000,3,3,5,335,Loyal Customers
CUST0278,53,3,37000000,3,1,3,313,Regular
CUST0279,55,5,30200000,3,3,2,332,Loyal Customers
CUST0280,237,5,32200000,1,3,2,132,At Risk
CUST0281,9,7,84900000,5,4,5,545,Champions
CUST0282,28,5,15700000,4,3,1,431,Loyal Customers
CUST0283,43,3,62000000,3,1,4,314,Regular
CUST0284,126,6,45800000,1,4,3,143,At Risk
CUST0285,49,7,27300000,3,4,2,342,Loyal Customers
CUST0286,74,4,18800000,2,2,1,221,Lost
CUST0287,191,4,45500000,1,2,3,123,Lost
CUST0288,104,3,16000000,2,1,1,211,Lost
CUST0289,79,3,28500000,2,1,2,212,Lost
CUST0290,28,4,18800000,4,2,1,421,Promising
CUST0291,209,3,24500000,1,1,2,112,Lost
CUST0292,141,5,90000000,1,3,5,135,At Risk
CUST0293,25,12,133500000,4,5,5,455,Champions
CUST0294,13,10,100500000,5,5,5,555,Champions
CUST0295,36,5,23500000,3,3,2,332,Loyal Customers
CUST0296,2,2,19000000,5,1,1,511,Promising
CUST0297,1,8,50200000,5,5,4,554,Champions
CUST0298,17,5,57500000,4,3,4,434,Loyal Customers
CUST0299,46,5,17800000,3,3,1,331,Loyal Customers
CUST0300,106,1,6000000,1,1,1,111,Lost
CUST0301,68,1,12000000,2,1,1,211,Lost
CUST0302,127,2,18000000,1,1,1,111,Lost
CUST0303,29,5,46000000,4,3,3,433,Loyal Customers
CUST0304,68,5,21500000,2,3,1,231,At Risk
CUST0305,89,3,30000000,2,1,2,212,Lost
CUST0306,47,7,55000000,3,4,4,344,Loyal Customers
CUST0307,16,7,42500000,4,4,3,443,Loyal Customers
CUST0308,34,7,49300000,3,4,4,344,Loyal Customers
CUST0309,200,5,41000000,1,3,3,133,At Risk
CUST0310,2,2,30000000,5,1,2,512,Promising
CUST0311,45,8,99000000,3,5,5,355,Loyal Customers
CUST0312,134,2,31200000,1,1,2,112,Lost
CUST0313,176,3,30800000,1,1,2,112,Lost
CUST0314,284,3,12500000,1,1,1,111,Lost
CUST0315,113,4,27800000,1,2,2,122,Lost
CUST0316,41,5,46000000,3,3,3,333,Loyal Customers
CUST0317,15,5,27500000,4,3,2,432,Loyal Customers
CUST0318,65,6,50500000,2,4,4,244,At Risk
CUST0319,86,4,50000000,2,2,4,224,Lost
CUST0320,65,5,36300000,2,3,3,233,At Risk
CUST0321,4,6,122500000,5,4,5,545,Champions
CUST0322,5,3,8300000,5,1,1,511,Promising
CUST0323,42,4,44500000,3,2,3,323,Regular
CUST0324,30,7,53000000,4,4,4,444,Champions
CUST0325,29,4,46500000,4,2,3,423,Promising
CUST0326,47,3,4300000,3,1,1,311,Regular
CUST0327,24,4,47000000,4,2,3,423,Promising
CUST0328,56,5,69800000,2,3,5,235,At Risk
CUST0329,7,12,66100000,5,5,4,554,Champions
CUST0330,123,3,55000000,1,1,4,114,Lost
CUST0331,73,7,19300000,2,4,1,241,At Risk
CUST0332,30,8,93000000,4,5,5,455,Champions
CUST0333,2,7,103200000,5,4,5,545,Champions
CUST0334,11,8,61000000,5,5,4,554,Champions
CUST0335,84,3,22500000,2,1,2,212,Lost
CUST0336,16,5,23800000,4,3,2,432,Loyal Customers
CUST0337,26,7,40300000,4,4,3,443,Loyal Customers
CUST0338,7,2,6800000,5,1,1,511,Promising
CUST0339,26,6,36500000,4,4,3,443,Loyal Customers
CUST0340,93,3,26000000,2,1,2,212,Lost
CUST0341,94,6,70800000,2,4,5,245,At Risk
CUST0342,62,5,29900000,2,3,2,232,At Risk
CUST0343,89,8,56500000,2,5,4,254,At Risk
CUST0344,45,8,90500000,3,5,5,355,Loyal Customers
CUST0345,84,2,39000000,2,1,3,213,Lost
CUST0346,48,5,18600000,3,3,1,331,Loyal Customers
CUST0347,118,3,32000000,1,1,2,112,Lost
CUST0348,39,5,41000000,3,3,3,333,Loyal Customers
CUST0349,61,3,22000000,2,1,2,212,Lost
CUST0350,7,5,51000000,5,3,4,534,Loyal Customers
CUST0351,294,2,18000000,1,1,1,111,Lost
CUST0352,189,3,30000000,1,1,2,112,Lost
CUST0353,48,4,36500000,3,2,3,323,Regular
CUST0354,347,1,16000000,1,1,1,111,Lost
CUST0355,9,3,14000000,5,1,1,511,Promising
CUST0356,7,5,31300000,5,3,2,532,Loyal Customers
CUST0357,24,4,46000000,4,2,3,423,Promising
CUST0358,20,6,39000000,4,4,3,443,Loyal Customers
CUST0359,73,5,50800000,2,3,4,234,At Risk
CUST0360,87,6,52000000,2,4,4,244,At Risk
CUST0361,3,8,113500000,5,5,5,555,Champions
CUST0362,143,7,69000000,1,4,5,145,At Risk
CUST0363,24,4,35900000,4,2,3,423,Promising
CUST0364,50,2,33000000,3,1,3,313,Regular
CUST0365,50,5,11100000,3,3,1,331,Loyal Customers
CUST0366,50,6,43500000,3,4,3,343,Loyal Customers
CUST0367,23,5,92000000,4,3,5,435,Loyal Customers
CUST0368,15,5,47800000,4,3,4,434,Loyal Customers
CUST0369,88,5,74500000,2,3,5,235,At Risk
CUST0370,5,9,17300000,5,5,1,551,Loyal Customers
CUST0371,120,6,95000000,1,4,5,145,At Risk
CUST0372,49,5,57000000,3,3,4,334,Loyal Customers
CUST0373,34,5,62000000,3,3,4,334,Loyal Customers
CUST0374,27,7,23700000,4,4,2,442,Loyal Customers
CUST0375,26,4,36500000,4,2,3,423,Promising
CUST0376,65,7,44800000,2,4,3,243,At Risk
CUST0377,40,6,45900000,3,4,3,343,Loyal Customers
CUST0378,190,2,14000000,1,1,1,111,Lost
CUST0379,52,4,78000000,3,2,5,325,Regular
CUST0380,28,4,33000000,4,2,3,423,Promising
CUST0381,157,3,36000000,1,1,3,113,Lost
CUST0382,18,7,63500000,4,4,4,444,Champions
CUST0383,124,3,27000000,1,1,2,112,Lost
CUST0384,72,4,23500000,2,2,2,222,Lost
CUST0385,88,4,42700000,2,2,3,223,Lost
CUST0386,10,5,50500000,5,3,4,534,Loyal Customers
CUST0387,63,5,41500000,2,3,3,233,At Risk
CUST0388,2,6,74800000,5,4,5,545,Champions
CUST0389,13,7,57300000,5,4,4,544,Champions
CUST0390,334,1,8000000,1,1,1,111,Lost
CUST0391,215,6,51000000,1,4,4,144,At Risk
CUST0392,131,3,9400000,1,1,1,111,Lost
CUST0393,20,6,73100000,4,4,5,445,Champions
CUST0394,1,6,72900000,5,4,5,545,Champions
CUST0395,6,7,37300000,5,4,3,543,Loyal Customers
CUST0396,24,3,28000000,4,1,2,412,Promising
CUST0397,26,6,72000000,4,4,5,445,Champions
CUST0398,14,3,39000000,5,1,3,513,Promising
CUST0399,27,5,63000000,4,3,4,434,Loyal Customers
CUST0400,6,4,68400000,5,2,5,525,Promising
CUST0401,22,4,35800000,4,2,3,423,Promising
CUST0402,14,7,30600000,5,4,2,542,Loyal Customers
CUST0403,67,2,20000000,2,1,1,211,Lost
CUST0404,98,3,6000000,2,1,1,211,Lost
CUST0405,4,4,25000000,5,2,2,522,Promising
CUST0406,30,3,10800000,4,1,1,411,Promising
CUST0407,22,3,27500000,4,1,2,412,Promising
CUST0408,2,5,56500000,5,3,4,534,Loyal Customers
CUST0409,14,3,48000000,5,1,4,514,Promising
CUST0410,56,6,23900000,2,4,2,242,At Risk
CUST0411,9,6,40000000,5,4,3,543,Loyal Customers
CUST0412,35,5,50900000,3,3,4,334,Loyal Customers
CUST0413,61,3,23500000,2,1,2,212,Lost
CUST0414,78,4,55000000,2,2,4,224,Lost
CUST0415,32,10,78000000,4,5,5,455,Champions
CUST0416,81,5,24200000,2,3,2,232,At Risk
CUST0417,64,4,27500000,2,2,2,222,Lost
CUST0418,94,3,10500000,2,1,1,211,Lost
CUST0419,11,5,52000000,5,3,4,534,Loyal Customers
CUST0420,3,4,54000000,5,2,4,524,Promising
CUST0421,32,8,66000000,4,5,4,454,Champions
CUST0422,43,8,67500000,3,5,5,355,Loyal Customers
CUST0423,78,3,28000000,2,1,2,212,Lost
CUST0424,7,4,58500000,5,2,4,524,Promising
CUST0425,46,5,41500000,3,3,3,333,Loyal Customers
CUST0426,56,6,21000000,2,4,1,241,At Risk
CUST0427,110,4,41000000,1,2,3,123,Lost
CUST0428,11,5,24500000,5,3,2,532,Loyal Customers
CUST0429,1,7,56400000,5,4,4,544,Champions
CUST0430,97,5,33000000,2,3,3,233,At Risk
CUST0431,78,3,38000000,2,1,3,213,Lost
CUST0432,20,3,20000000,4,1,1,411,Promising
CUST0433,18,6,89500000,4,4,5,445,Champions
CUST0434,7,9,100800000,5,5,5,555,Champions
CUST0435,1,4,69000000,5,2,5,525,Promising
CUST0436,17,11,129500000,4,5,5,455,Champions
CUST0437,58,4,98000000,2,2,5,225,Lost
CUST0438,20,11,72500000,4,5,5,455,Champions
CUST0439,40,6,61800000,3,4,4,344,Loyal Customers
CUST0440,29,7,57400000,4,4,4,444,Champions
CUST0441,77,4,99500000,2,2,5,225,Lost
CUST0442,23,4,31000000,4,2,2,422,Promising
CUST0443,58,5,24000000,2,3,2,232,At Risk
CUST0444,29,7,75000000,4,4,5,445,Champions
CUST0445,60,3,23000000,2,1,2,212,Lost
CUST0446,2,4,23800000,5,2,2,522,Promising
CUST0447,163,7,89500000,1,4,5,145,At Risk
CUST0448,28,4,37500000,4,2,3,423,Promising
CUST0449,18,8,63300000,4,5,4,454,Champions
CUST0450,10,9,97000000,5,5,5,555,Champions
CUST0451,72,6,31600000,2,4,2,242,At Risk
CUST0452,189,4,30500000,1,2,2,122,Lost
CUST0453,30,3,32500000,4,1,2,412,Promising
CUST0454,23,5,72500000,4,3,5,435,Loyal Customers
CUST0455,39,5,87800000,3,3,5,335,Loyal Customers
CUST0456,37,9,109500000,3,5,5,355,Loyal Customers
CUST0457,2,7,110000000,5,4,5,545,Champions
CUST0458,55,7,100800000,3,4,5,345,Loyal Customers
CUST0459,116,7,45500000,1,4,3,143,At Risk
CUST0460,61,8,55200000,2,5,4,254,At Risk
CUST0461,22,4,15500000,4,2,1,421,Promising
CUST0462,97,11,99300000,2,5,5,255,At Risk
CUST0463,93,6,30500000,2,4,2,242,At Risk
CUST0464,52,5,40000000,3,3,3,333,Loyal Customers
CUST0465,15,9,65200000,4,5,4,454,Champions
CUST0466,120,3,22500000,1,1,2,112,Lost
CUST0467,17,7,62500000,4,4,4,444,Champions
CUST0468,93,6,35500000,2,4,3,243,At Risk
CUST0469,6,4,31000000,5,2,2,522,Promising
CUST0470,191,5,37600000,1,3,3,133,At Risk
CUST0471,36,4,56400000,3,2,4,324,Regular
CUST0472,18,6,80000000,4,4,5,445,Champions
CUST0473,24,7,47500000,4,4,4,444,Champions
CUST0474,23,4,21600000,4,2,2,422,Promising
CUST0475,253,2,2400000,1,1,1,111,Lost
CUST0476,1,5,73500000,5,3,5,535,Loyal Customers
CUST0477,33,9,67900000,3,5,5,355,Loyal Customers
CUST0478,25,3,51000000,4,1,4,414,Promising
CUST0479,18,6,19000000,4,4,1,441,Loyal Customers
CUST0480,52,8,106500000,3,5,5,355,Loyal Customers
CUST0481,42,2,27000000,3,1,2,312,Regular
CUST0482,10,2,14000000,5,1,1,511,Promising
CUST0483,10,7,43800000,5,5,3,553,Loyal Customers
CUST0484,52,3,18500000,3,1,1,311,Regular
CUST0485,28,2,3000000,4,1,1,411,Promising
CUST0486,204,2,25000000,1,1,2,112,Lost
CUST0487,84,7,43900000,2,5,3,253,At Risk
CUST0488,52,6,30400000,3,4,2,342,Loyal Customers
CUST0489,43,5,80000000,3,3,5,335,Loyal Customers
CUST0490,61,3,16000000,2,1,1,211,Lost
CUST0491,7,4,19500000,5,2,1,521,Promising
CUST0492,100,2,24400000,2,1,2,212,Lost
CUST0493,205,1,6000000,1,1,1,111,Lost
CUST0494,44,7,46600000,3,5,3,353,Loyal Customers
CUST0495,46,1,15000000,3,1,1,311,Regular
CUST0496,5,4,17000000,5,2,1,521,Promising
CUST0497,248,3,19500000,1,1,1,111,Lost
CUST0498,141,4,27000000,1,2,2,122,Lost
CUST0499,73,6,15300000,2,4,1,241,At Risk
CUST0500,60,6,24300000,2,4,2,242,At Risk
CUST0501,211,3,57000000,1,1,4,114,Lost
CUST0502,11,6,43500000,5,4,3,543,Loyal Customers
CUST0503,27,6,69000000,4,4,5,445,Champions
CUST0504,35,5,25800000,3,3,2,332,Loyal Customers
CUST0505,129,3,26000000,1,1,2,112,Lost
CUST0506,72,6,74500000,2,4,5,245,At Risk
CUST0508,179,2,17000000,1,1,1,111,Lost
CUST0509,20,7,52900000,4,5,4,454,Champions
CUST0510,64,1,8000000,2,1,1,211,Lost
CUST0511,26,11,83800000,4,5,5,455,Champions
CUST0512,165,2,17000000,1,1,1,111,Lost
CUST0513,46,6,30000000,3,4,2,342,Loyal Customers
CUST0514,29,4,14400000,4,2,1,421,Promising
CUST0515,63,4,27000000,2,2,2,222,Lost
CUST0516,59,5,59400000,2,3,4,234,At Risk
CUST0517,11,6,61500000,5,4,4,544,Champions
CUST0518,6,7,102300000,5,5,5,555,Champions
CUST0519,80,9,104500000,2,5,5,255,At Risk
CUST0520,89,3,42800000,2,1,3,213,Lost
CUST0521,8,6,76000000,5,4,5,545,Champions
CUST0522,10,6,20800000,5,4,1,541,Loyal Customers
CUST0523,51,3,6500000,3,1,1,311,Regular
CUST0524,56,7,38300000,2,5,3,253,At Risk
CUST0525,53,6,74500000,3,4,5,345,Loyal Customers
CUST0526,32,6,60800000,4,4,4,444,Champions
CUST0527,29,5,27000000,4,3,2,432,Loyal Customers
CUST0528,43,5,14400000,3,3,1,331,Loyal Customers
CUST0529,46,7,57000000,3,5,4,354,Loyal Customers
CUST0530,3,10,83000000,5,5,5,555,Champions
CUST0531,25,3,35000000,4,1,3,413,Promising
CUST0532,9,4,66400000,5,2,4,524,Promising
CUST0533,17,4,51000000,4,2,4,424,Promising
CUST0534,48,5,31000000,3,3,2,332,Loyal Customers
CUST0535,74,4,34900000,2,2,3,223,Lost
CUST0536,27,3,28000000,4,1,2,412,Promising
CUST0537,81,3,14400000,2,1,1,211,Lost
CUST0538,81,5,56000000,2,3,4,234,At Risk
CUST0539,11,5,28600000,5,3,2,532,Loyal Customers
CUST0540,50,8,77500000,3,5,5,355,Loyal Customers
CUST0541,2,7,25300000,5,5,2,552,Loyal Customers
CUST0542,42,4,14400000,3,2,1,321,Regular
CUST0543,77,5,39800000,2,3,3,233,At Risk
CUST0544,73,2,3400000,2,1,1,211,Lost
CUST0545,110,3,18000000,1,1,1,111,Lost
CUST0546,6,6,39000000,5,4,3,543,Loyal Customers
CUST0547,6,4,35400000,5,2,3,523,Promising
CUST0548,105,7,57000000,1,5,4,154,At Risk
CUST0549,41,6,85000000,3,4,5,345,Loyal Customers
CUST0550,26,5,30000000,4,3,2,432,Loyal Customers
CUST0551,59,5,63500000,2,3,4,234,At Risk
CUST0552,44,6,53000000,3,4,4,344,Loyal Customers
CUST0553,9,8,62400000,5,5,4,554,Champions
CUST0554,130,4,26000000,1,2,2,122,Lost
CUST0555,28,3,17000000,4,2,1,421,Promising
CUST0556,71,6,14500000,2,4,1,241,At Risk
CUST0557,42,4,33400000,3,2,3,323,Regular
CUST0558,87,6,60000000,2,4,4,244,At Risk
CUST0559,31,4,29000000,4,2,2,422,Promising
CUST0560,43,4,65000000,3,2,4,324,Regular
CUST0561,5,8,52800000,5,5,4,554,Champions
CUST0562,41,5,35000000,3,3,3,333,Loyal Customers
CUST0563,105,5,25500000,1,3,2,132,At Risk
CUST0564,305,3,44000000,1,2,3,123,Lost
CUST0565,48,7,55400000,3,5,4,354,Loyal Customers
CUST0566,191,6,61000000,1,4,4,144,At Risk
CUST0567,86,5,64000000,2,3,4,234,At Risk
CUST0568,6,7,32300000,5,5,2,552,Loyal Customers
CUST0569,46,4,11800000,3,2,1,321,Regular
CUST0570,27,9,129800000,4,5,5,455,Champions
CUST0572,76,3,32000000,2,2,2,222,Lost
CUST0573,3,8,44500000,5,5,3,553,Loyal Customers
CUST0574,64,7,35100000,2,5,3,253,At Risk
CUST0575,36,4,10000000,3,2,1,321,Regular
CUST0576,74,6,58900000,2,4,4,244,At Risk
CUST0577,162,5,85300000,1,3,5,135,At Risk
CUST0578,133,3,22800000,1,2,2,122,Lost
CUST0579,86,5,36500000,2,3,3,233,At Risk
CUST0580,23,6,57500000,4,4,4,444,Champions
CUST0581,43,8,87200000,3,5,5,355,Loyal Customers
CUST0582,22,6,56000000,4,4,4,444,Champions
CUST0583,82,7,83600000,2,5,5,255,At Risk
CUST0584,17,3,22000000,4,2,2,422,Promising
CUST0585,104,3,5800000,2,2,1,221,Lost
CUST0586,21,8,61700000,4,5,4,454,Champions
CUST0587,30,4,57800000,4,2,4,424,Promising
CUST0588,16,11,81400000,4,5,5,455,Champions
CUST0589,82,8,113800000,2,5,5,255,At Risk
CUST0590,17,7,40400000,4,5,3,453,Loyal Customers
CUST0591,48,4,47800000,3,2,4,324,Regular
CUST0592,57,7,31000000,2,5,2,252,At Risk
CUST0593,29,4,35300000,4,2,3,423,Promising
CUST0594,26,9,73000000,4,5,5,455,Champions
CUST0595,12,8,80000000,5,5,5,555,Champions
CUST0596,95,4,22900000,2,2,2,222,Lost
CUST0597,266,2,4500000,1,1,1,111,Lost
CUST0598,65,2,3600000,2,1,1,211,Lost
CUST0599,55,6,63000000,3,4,4,344,Loyal Customers
CUST0600,25,7,80500000,4,5,5,455,Champions
CUST0601,2,8,134000000,5,5,5,555,Champions
CUST0602,130,5,43800000,1,3,3,133,At Risk
CUST0603,64,4,9400000,2,2,1,221,Lost
CUST0604,49,6,24000000,3,4,2,342,Loyal Customers
CUST0605,140,3,11500000,1,2,1,121,Lost
CUST0606,1,3,105000000,5,2,5,525,Promising
CUST0607,53,6,43500000,3,4,3,343,Loyal Customers
CUST0608,38,8,52400000,3,5,4,354,Loyal Customers
CUST0609,207,4,19800000,1,2,1,121,Lost
CUST0610,11,2,48000000,5,1,4,514,Promising
CUST0611,40,5,39800000,3,3,3,333,Loyal Customers
CUST0612,50,5,65000000,3,3,4,334,Loyal Customers
CUST0613,34,6,38500000,3,4,3,343,Loyal Customers
CUST0614,10,6,66000000,5,4,4,544,Champions
CUST0615,12,4,24200000,5,2,2,522,Promising
CUST0616,48,6,42000000,3,4,3,343,Loyal Customers
CUST0617,165,6,68000000,1,4,5,145,At Risk
CUST0618,143,5,21600000,1,3,2,132,At Risk
CUST0619,13,9,61300000,5,5,4,554,Champions
CUST0620,93,5,57500000,2,3,4,234,At Risk
CUST0621,37,7,71500000,3,5,5,355,Loyal Customers
CUST0622,138,5,33400000,1,3,3,133,At Risk
CUST0623,20,3,28000000,4,2,2,422,Promising
CUST0624,38,7,109500000,3,5,5,355,Loyal Customers
CUST0625,8,5,30400000,5,3,2,532,Loyal Customers
CUST0626,127,4,14000000,1,2,1,121,Lost
CUST0627,18,5,44000000,4,3,3,433,Loyal Customers
CUST0628,25,3,24500000,4,2,2,422,Promising
CUST0629,25,4,43000000,4,2,3,423,Promising
CUST0630,21,3,26000000,4,2,2,422,Promising
CUST0631,73,5,24000000,2,3,2,232,At Risk
CUST0632,40,7,53100000,3,5,4,354,Loyal Customers
CUST0633,34,7,47000000,3,5,3,353,Loyal Customers
CUST0634,36,8,89300000,3,5,5,355,Loyal Customers
CUST0635,53,8,53800000,3,5,4,354,Loyal Customers
CUST0636,146,3,28000000,1,2,2,122,Lost
CUST0637,15,5,16800000,4,3,1,431,Loyal Customers
CUST0638,1,7,48000000,5,5,4,554,Champions
CUST0639,19,4,13300000,4,2,1,421,Promising
CUST0640,24,3,10500000,4,2,1,421,Promising
CUST0641,29,5,19500000,4,3,1,431,Loyal Customers
CUST0642,89,5,56100000,2,3,4,234,At Risk
CUST0643,2,7,64200000,5,5,4,554,Champions
CUST0644,13,6,91000000,5,4,5,545,Champions
CUST0645,312,1,12000000,1,1,1,111,Lost
CUST0646,30,4,28900000,4,2,2,422,Promising
CUST0647,17,9,91500000,4,5,5,455,Champions
CUST0648,267,3,6500000,1,2,1,121,Lost
CUST0649,49,9,76300000,3,5,5,355,Loyal Customers
CUST0650,50,6,46900000,3,4,3,343,Loyal Customers
CUST0651,134,3,28000000,1,2,2,122,Lost
CUST0652,45,3,36000000,3,2,3,323,Regular
CUST0653,25,7,38800000,4,5,3,453,Loyal Customers
CUST0654,21,7,103500000,4,5,5,455,Champions
CUST0655,104,2,32000000,2,1,2,212,Lost
CUST0656,41,4,39500000,3,2,3,323,Regular
CUST0657,48,5,49500000,3,3,4,334,Loyal Customers
CUST0658,18,9,61400000,4,5,4,454,Champions
CUST0659,36,6,71000000,3,4,5,345,Loyal Customers
CUST0660,21,7,19300000,4,5,1,451,Loyal Customers
CUST0661,35,2,8800000,3,1,1,311,Regular
CUST0662,362,1,24000000,1,1,2,112,Lost
CUST0663,2,5,24400000,5,3,2,532,Loyal Customers
CUST0664,53,6,52500000,3,4,4,344,Loyal Customers
CUST0665,4,10,84000000,5,5,5,555,Champions
CUST0666,44,8,86500000,3,5,5,355,Loyal Customers
CUST0667,59,4,61000000,2,2,4,224,Lost
CUST0668,13,8,60600000,5,5,4,554,Champions
CUST0669,4,5,22800000,5,3,2,532,Loyal Customers
CUST0670,3,5,75000000,5,3,5,535,Loyal Customers
CUST0671,103,2,5000000,2,1,1,211,Lost
CUST0672,201,3,37000000,1,2,3,123,Lost
CUST0673,11,11,127400000,5,5,5,555,Champions
CUST0674,60,4,16000000,2,2,1,221,Lost
CUST0675,347,1,15000000,1,1,1,111,Lost
CUST0676,31,6,44100000,4,4,3,443,Loyal Customers
CUST0677,45,5,73000000,3,3,5,335,Loyal Customers
CUST0678,98,5,18500000,2,3,1,231,At Risk
CUST0679,33,8,69400000,3,5,5,355,Loyal Customers
CUST0680,20,9,61800000,4,5,4,454,Champions
CUST0681,75,4,40900000,2,2,3,223,Lost
CUST0682,31,7,62000000,4,5,4,454,Champions
CUST0683,178,4,21000000,1,2,1,121,Lost
CUST0684,78,4,27000000,2,2,2,222,Lost
CUST0685,74,7,44100000,2,5,3,253,At Risk
CUST0686,282,1,15000000,1,1,1,111,Lost
CUST0687,236,2,13500000,1,1,1,111,Lost
CUST0688,18,6,69000000,4,4,5,445,Champions
CUST0689,13,3,7200000,5,2,1,521,Promising
CUST0690,7,6,75000000,5,4,5,545,Champions
CUST0691,25,5,53500000,4,3,4,434,Loyal Customers
CUST0692,54,2,9000000,3,1,1,311,Regular
CUST0693,241,4,16300000,1,2,1,121,Lost
CUST0694,8,7,35000000,5,5,3,553,Loyal Customers
CUST0695,25,7,39000000,4,5,3,453,Loyal Customers
CUST0696,50,3,36600000,3,2,3,323,Regular
CUST0697,24,9,62800000,4,5,4,454,Champions
CUST0698,85,5,32900000,2,3,3,233,At Risk
CUST0699,99,6,27500000,2,4,2,242,At Risk
CUST0700,53,4,21000000,3,2,1,321,Regular
CUST0701,3,5,58000000,5,3,4,534,Loyal Customers
CUST0702,114,4,21000000,1,2,1,121,Lost
CUST0703,79,7,58300000,2,5,4,254,At Risk
CUST0704,41,4,92000000,3,2,5,325,Regular
CUST0705,139,3,24000000,1,2,2,122,Lost
CUST0706,53,8,65800000,3,5,4,354,Loyal Customers
CUST0707,129,1,3000000,1,1,1,111,Lost
CUST0708,34,6,84500000,3,4,5,345,Loyal Customers
CUST0709,17,6,33700000,4,4,3,443,Loyal Customers
CUST0710,1,5,73500000,5,3,5,535,Loyal Customers
CUST0711,102,5,50000000,2,3,4,234,At Risk
CUST0712,33,2,32400000,3,1,2,312,Regular
CUST0714,296,4,32500000,1,2,2,122,Lost
CUST0715,28,4,79000000,4,2,5,425,Promising
CUST0716,113,5,23200000,1,3,2,132,At Risk
CUST0717,133,8,42800000,1,5,3,153,At Risk
CUST0718,23,7,77000000,4,5,5,455,Champions
CUST0719,14,5,34500000,5,3,3,533,Loyal Customers
CUST0720,126,4,60000000,1,2,4,124,Lost
CUST0721,53,3,10500000,3,2,1,321,Regular
CUST0722,61,4,40000000,2,2,3,223,Lost
CUST0723,32,8,67300000,4,5,5,455,Champions
CUST0724,7,8,79100000,5,5,5,555,Champions
CUST0725,65,2,16500000,2,1,1,211,Lost
CUST0726,53,5,38400000,3,3,3,333,Loyal Customers
CUST0727,26,3,21400000,4,2,1,421,Promising
CUST0728,3,7,29300000,5,5,2,552,Loyal Customers
CUST0729,34,7,47400000,3,5,4,354,Loyal Customers
CUST0730,117,6,72400000,1,4,5,145,At Risk
CUST0731,36,5,93000000,3,3,5,335,Loyal Customers
CUST0732,127,7,29500000,1,5,2,152,At Risk
CUST0733,41,5,88500000,3,3,5,335,Loyal Customers
CUST0734,57,7,41800000,2,5,3,253,At Risk
CUST0735,100,3,18500000,2,2,1,221,Lost
CUST0736,1,2,18000000,5,1,1,511,Promising
CUST0737,110,4,22400000,1,2,2,122,Lost
CUST0738,146,6,37200000,1,4,3,143,At Risk
CUST0739,20,4,35000000,4,2,3,423,Promising
CUST0740,35,6,41000000,3,4,3,343,Loyal Customers
CUST0741,1,7,55000000,5,5,4,554,Champions
CUST0742,76,3,26000000,2,2,2,222,Lost
CUST0743,24,3,19000000,4,2,1,421,Promising
CUST0744,40,5,54000000,3,3,4,334,Loyal Customers
CUST0745,23,7,65000000,4,5,4,454,Champions
CUST0746,26,3,11000000,4,2,1,421,Promising
CUST0747,70,7,67400000,2,5,5,255,At Risk
CUST0748,34,4,86000000,3,2,5,325,Regular
CUST0749,34,5,66000000,3,3,4,334,Loyal Customers
CUST0750,13,6,31300000,5,4,2,542,Loyal Customers
CUST0751,41,9,95800000,3,5,5,355,Loyal Customers
CUST0752,61,4,25500000,2,2,2,222,Lost
CUST0753,158,4,62000000,1,2,4,124,Lost
CUST0754,43,3,34000000,3,2,3,323,Regular
CUST0755,165,6,43700000,1,4,3,143,At Risk
CUST0756,75,4,32400000,2,2,2,222,Lost
CUST0757,59,2,18000000,2,1,1,211,Lost
CUST0758,28,6,23300000,4,4,2,442,Loyal Customers
CUST0759,21,4,41000000,4,2,3,423,Promising
CUST0760,70,6,48800000,2,4,4,244,At Risk
CUST0761,63,6,62300000,2,4,4,244,At Risk
CUST0762,112,6,49500000,1,4,4,144,At Risk
CUST0763,21,7,60300000,4,5,4,454,Champions
CUST0764,148,6,52500000,1,4,4,144,At Risk
CUST0765,58,4,52000000,2,2,4,224,Lost
CUST0766,49,10,88000000,3,5,5,355,Loyal Customers
CUST0767,179,3,31000000,1,2,2,122,Lost
CUST0768,66,2,10000000,2,1,1,211,Lost
CUST0769,191,7,64000000,1,5,4,154,At Risk
CUST0770,36,3,12600000,3,2,1,321,Regular
CUST0771,6,4,43600000,5,2,3,523,Promising
CUST0772,26,3,14500000,4,2,1,421,Promising
CUST0773,7,5,75000000,5,3,5,535,Loyal Customers
CUST0774,24,4,19600000,4,2,1,421,Promising
CUST0775,73,3,31500000,2,2,2,222,Lost
CUST0776,5,5,32500000,5,3,2,532,Loyal Customers
CUST0777,12,5,30500000,5,3,2,532,Loyal Customers
CUST0778,31,7,28400000,4,5,2,452,Loyal Customers
CUST0779,8,6,33000000,5,4,3,543,Loyal Customers
CUST0780,6,2,9500000,5,1,1,511,Promising
CUST0781,97,2,11000000,2,1,1,211,Lost
CUST0782,9,4,40400000,5,2,3,523,Promising
CUST0783,76,9,50400000,2,5,4,254,At Risk
CUST0784,19,2,36000000,4,1,3,413,Promising
CUST0785,22,5,34900000,4,3,3,433,Loyal Customers
CUST0786,171,4,49500000,1,2,4,124,Lost
CUST0787,212,2,14000000,1,1,1,111,Lost
CUST0788,64,2,15800000,2,1,1,211,Lost
CUST0789,53,7,88800000,3,5,5,355,Loyal Customers
CUST0790,10,7,93500000,5,5,5,555,Champions
CUST0791,16,9,84500000,4,5,5,455,Champions
CUST0792,11,9,157500000,5,5,5,555,Champions
CUST0793,273,1,12000000,1,1,1,111,Lost
CUST0794,98,5,17200000,2,3,1,231,At Risk
CUST0795,77,4,44800000,2,2,3,223,Lost
CUST0796,41,3,12500000,3,2,1,321,Regular
CUST0797,5,10,59400000,5,5,4,554,Champions
CUST0798,14,6,40300000,5,4,3,543,Loyal Customers
CUST0799,126,4,23500000,1,2,2,122,Lost
CUST0800,37,5,25000000,3,3,2,332,Loyal Customers
CUST0801,13,2,3200000,5,1,1,511,Promising
CUST0802,213,3,40000000,1,2,3,123,Lost
CUST0803,341,2,27000000,1,1,2,112,Lost
CUST0804,57,5,57200000,2,3,4,234,At Risk
CUST0805,37,7,26100000,3,5,2,352,Loyal Customers
CUST0806,12,8,82000000,5,5,5,555,Champions
CUST0807,64,3,20800000,2,2,1,221,Lost
CUST0808,131,5,54500000,1,3,4,134,At Risk
CUST0809,234,2,27000000,1,1,2,112,Lost
CUST0810,167,4,38000000,1,2,3,123,Lost
CUST0811,2,5,46600000,5,3,3,533,Loyal Customers
CUST0812,19,6,23300000,4,4,2,442,Loyal Customers
CUST0813,23,5,41900000,4,3,3,433,Loyal Customers
CUST0814,165,2,14400000,1,1,1,111,Lost
CUST0815,89,3,14000000,2,2,1,221,Lost
CUST0816,19,7,43700000,4,5,3,453,Loyal Customers
CUST0817,30,3,44000000,4,2,3,423,Promising
CUST0818,160,2,40000000,1,1,3,113,Lost
CUST0819,15,5,28000000,4,3,2,432,Loyal Customers
CUST0820,24,6,65000000,4,4,4,444,Champions
CUST0821,33,5,88000000,3,3,5,335,Loyal Customers
CUST0822,52,4,54500000,3,2,4,324,Regular
CUST0823,55,5,38500000,3,3,3,333,Loyal Customers
CUST0824,101,10,59000000,2,5,4,254,At Risk
CUST0825,12,3,31000000,5,2,2,522,Promising
CUST0826,275,1,5000000,1,1,1,111,Lost
CUST0827,3,5,51400000,5,3,4,534,Loyal Customers
CUST0828,8,7,66500000,5,5,4,554,Champions
CUST0829,1,5,99000000,5,3,5,535,Loyal Customers
CUST0830,133,4,41400000,1,2,3,123,Lost
CUST0831,2,9,86900000,5,5,5,555,Champions
CUST0832,99,7,35400000,2,5,3,253,At Risk
CUST0833,53,3,22000000,3,2,2,322,Regular
CUST0834,12,6,45800000,5,4,3,543,Loyal Customers
CUST0835,250,2,8000000,1,1,1,111,Lost
CUST0836,37,4,31000000,3,2,2,322,Regular
CUST0837,50,2,9500000,3,1,1,311,Regular
CUST0838,88,5,16800000,2,3,1,231,At Risk
CUST0839,133,5,40000000,1,3,3,133,At Risk
CUST0840,16,6,35000000,4,4,3,443,Loyal Customers
CUST0841,76,7,49000000,2,5,4,254,At Risk
CUST0842,4,6,27600000,5,4,2,542,Loyal Customers
CUST0843,43,5,61000000,3,3,4,334,Loyal Customers
CUST0844,81,5,49900000,2,3,4,234,At Risk
CUST0845,216,4,48000000,1,3,4,134,At Risk
CUST0846,35,7,102900000,3,5,5,355,Loyal Customers
CUST0847,102,7,56300000,2,5,4,254,At Risk
CUST0848,4,7,78800000,5,5,5,555,Champions
CUST0849,15,8,91000000,4,5,5,455,Champions
CUST0850,20,8,75600000,4,5,5,455,Champions
CUST0851,5,3,25500000,5,2,2,522,Promising
CUST0852,45,5,34300000,3,3,3,333,Loyal Customers
CUST0853,20,6,12200000,4,4,1,441,Loyal Customers
CUST0854,114,4,23000000,1,3,2,132,At Risk
CUST0855,28,5,75800000,4,4,5,445,Champions
CUST0856,28,2,5000000,4,1,1,411,Promising
CUST0857,4,7,26900000,5,5,2,552,Loyal Customers
CUST0858,9,6,54500000,5,4,4,544,Champions
CUST0859,22,3,12800000,4,2,1,421,Promising
CUST0860,6,3,7000000,5,2,1,521,Promising
CUST0861,22,7,51000000,4,5,4,454,Champions
CUST0862,48,6,116000000,3,4,5,345,Loyal Customers
CUST0863,11,9,99400000,5,5,5,555,Champions
CUST0864,4,7,40500000,5,5,3,553,Loyal Customers
CUST0865,133,3,7000000,1,2,1,121,Lost
CUST0866,144,2,27000000,1,1,2,112,Lost
CUST0867,38,7,44200000,3,5,3,353,Loyal Customers
CUST0868,31,4,23400000,4,3,2,432,Loyal Customers
CUST0869,20,9,54300000,4,5,4,454,Champions
CUST0870,10,4,32000000,5,3,2,532,Loyal Customers
CUST0871,12,7,42500000,5,5,3,553,Loyal Customers
CUST0872,41,8,58000000,3,5,4,354,Loyal Customers
CUST0873,169,3,36000000,1,2,3,123,Lost
CUST0874,182,6,9800000,1,4,1,141,At Risk
CUST0875,25,5,42500000,4,4,3,443,Loyal Customers
CUST0876,83,5,59000000,2,4,4,244,At Risk
CUST0877,45,9,88300000,3,5,5,355,Loyal Customers
CUST0878,48,6,102600000,3,4,5,345,Loyal Customers
CUST0879,15,3,32000000,4,2,2,422,Promising
CUST0880,2,5,39500000,5,4,3,543,Loyal Customers
CUST0881,72,8,113000000,2,5,5,255,At Risk
CUST0882,5,5,38400000,5,4,3,543,Loyal Customers
CUST0883,52,4,29400000,3,3,2,332,Loyal Customers
CUST0884,6,4,31000000,5,3,2,532,Loyal Customers
CUST0885,61,7,68000000,2,5,5,255,At Risk
CUST0886,319,1,1500000,1,1,1,111,Lost
CUST0887,3,7,85800000,5,5,5,555,Champions
CUST0888,88,5,21900000,2,4,2,242,At Risk
CUST0889,70,4,42000000,2,3,3,233,At Risk
CUST0890,10,3,22400000,5,2,2,522,Promising
CUST0891,83,5,31500000,2,4,2,242,At Risk
CUST0892,41,4,46000000,3,3,3,333,Loyal Customers
CUST0893,106,7,109000000,1,5,5,155,At Risk
CUST0894,68,4,31800000,2,3,2,232,At Risk
CUST0895,223,2,12000000,1,1,1,111,Lost
CUST0896,28,4,21500000,4,3,1,431,Loyal Customers
CUST0897,69,4,61000000,2,3,4,234,At Risk
CUST0898,75,6,115000000,2,4,5,245,At Risk
CUST0899,104,8,70200000,2,5,5,255,At Risk
CUST0900,4,3,10500000,5,2,1,521,Promising
CUST0901,24,7,49800000,4,5,4,454,Champions
CUST0902,146,5,66500000,1,4,4,144,At Risk
CUST0903,116,6,79800000,1,4,5,145,At Risk
CUST0904,115,4,14500000,1,3,1,131,At Risk
CUST0905,147,3,51000000,1,2,4,124,Lost
CUST0906,193,4,21800000,1,3,2,132,At Risk
CUST0907,17,8,81500000,4,5,5,455,Champions
CUST0908,12,8,92500000,5,5,5,555,Champions
CUST0909,56,3,14400000,2,2,1,221,Lost
CUST0910,188,3,41000000,1,2,3,123,Lost
CUST0911,61,6,23900000,2,4,2,242,At Risk
CUST0912,31,6,58500000,4,4,4,444,Champions
CUST0913,40,8,42000000,3,5,3,353,Loyal Customers
CUST0914,1,5,33900000,5,4,3,543,Loyal Customers
CUST0915,7,5,27800000,5,4,2,542,Loyal Customers
CUST0916,30,5,72000000,4,4,5,445,Champions
CUST0917,53,3,24000000,3,2,2,322,Regular
CUST0918,27,4,80000000,4,3,5,435,Loyal Customers
CUST0919,89,6,57000000,2,4,4,244,At Risk
CUST0920,187,2,18000000,1,1,1,111,Lost
CUST0921,60,7,83800000,2,5,5,255,At Risk
CUST0922,14,5,39500000,5,4,3,543,Loyal Customers
CUST0923,41,3,25500000,3,2,2,322,Regular
CUST0924,150,6,60500000,1,4,4,144,At Risk
CUST0925,6,10,96900000,5,5,5,555,Champions
CUST0926,268,2,4500000,1,1,1,111,Lost
CUST0927,53,4,20100000,3,3,1,331,Loyal Customers
CUST0928,141,5,33500000,1,4,3,143,At Risk
CUST0929,20,4,79500000,4,3,5,435,Loyal Customers
CUST0930,54,4,36500000,3,3,3,333,Loyal Customers
CUST0931,24,6,30400000,4,4,2,442,Loyal Customers
CUST0932,48,7,89500000,3,5,5,355,Loyal Customers
CUST0933,88,5,38000000,2,4,3,243,At Risk
CUST0934,84,8,54500000,2,5,4,254,At Risk
CUST0935,84,9,41500000,2,5,3,253,At Risk
CUST0936,16,4,46500000,4,3,3,433,Loyal Customers
CUST0937,31,9,83700000,4,5,5,455,Champions
CUST0938,54,4,20500000,3,3,1,331,Loyal Customers
CUST0939,148,3,18800000,1,2,1,121,Lost
CUST0940,13,6,65300000,5,4,4,544,Champions
CUST0941,33,7,47200000,3,5,3,353,Loyal Customers
CUST0942,71,3,39000000,2,2,3,223,Lost
CUST0943,54,7,63000000,3,5,4,354,Loyal Customers
CUST0944,1,6,34000000,5,4,3,543,Loyal Customers
CUST0945,161,3,11400000,1,2,1,121,Lost
CUST0946,52,4,14200000,3,3,1,331,Loyal Customers
CUST0947,14,4,20000000,5,3,1,531,Loyal Customers
CUST0948,2,10,59300000,5,5,4,554,Champions
CUST0949,7,7,47900000,5,5,4,554,Champions
CUST0950,41,7,80000000,3,5,5,355,Loyal Customers
CUST0951,82,3,27000000,2,2,2,222,Lost
CUST0952,190,3,15500000,1,2,1,121,Lost
CUST0953,31,2,6000000,4,1,1,411,Promising
CUST0954,41,9,69000000,3,5,5,355,Loyal Customers
CUST0955,13,5,90000000,5,4,5,545,Champions
CUST0956,27,7,66000000,4,5,4,454,Champions
CUST0957,1,4,22000000,5,3,2,532,Loyal Customers
CUST0958,1,6,46000000,5,4,3,543,Loyal Customers
CUST0959,165,4,78800000,1,3,5,135,At Risk
CUST0960,12,6,70500000,5,4,5,545,Champions
CUST0961,190,3,21800000,1,2,2,122,Lost
CUST0962,29,4,66000000,4,3,4,434,Loyal Customers
CUST0963,57,6,34300000,2,4,3,243,At Risk
CUST0964,54,4,46600000,3,3,3,333,Loyal Customers
CUST0965,129,2,23000000,1,1,2,112,Lost
CUST0966,255,3,10300000,1,2,1,121,Lost
CUST0967,78,5,20200000,2,4,1,241,At Risk
CUST0968,277,1,2000000,1,1,1,111,Lost
CUST0969,71,6,32300000,2,4,2,242,At Risk
CUST0970,11,4,55000000,5,3,4,534,Loyal Customers
CUST0971,46,3,11000000,3,2,1,321,Regular
CUST0972,49,2,24000000,3,1,2,312,Regular
CUST0973,109,3,29000000,1,2,2,122,Lost
CUST0974,29,5,50800000,4,4,4,444,Champions
CUST0975,102,5,15500000,2,4,1,241,At Risk
CUST0976,35,5,30500000,3,4,2,342,Loyal Customers
CUST0977,8,5,33500000,5,4,3,543,Loyal Customers
CUST0978,330,1,3000000,1,1,1,111,Lost
CUST0979,23,4,32000000,4,3,2,432,Loyal Customers
CUST0980,45,6,55000000,3,4,4,344,Loyal Customers
CUST0981,13,8,39200000,5,5,3,553,Loyal Customers
CUST0982,135,3,21500000,1,2,1,121,Lost
CUST0983,65,5,91000000,2,4,5,245,At Risk
CUST0984,34,7,91900000,3,5,5,355,Loyal Customers
CUST0985,41,6,77800000,3,4,5,345,Loyal Customers
CUST0986,35,7,27100000,3,5,2,352,Loyal Customers
CUST0987,167,2,18000000,1,1,1,111,Lost
CUST0988,2,5,43000000,5,4,3,543,Loyal Customers
CUST0989,186,1,1500000,1,1,1,111,Lost
CUST0990,55,6,46200000,3,4,3,343,Loyal Customers
CUST0991,40,6,46000000,3,4,3,343,Loyal Customers
CUST0992,148,1,3000000,1,1,1,111,Lost
CUST0993,43,4,55000000,3,3,4,334,Loyal Customers
CUST0994,29,5,44800000,4,4,3,443,Loyal Customers
CUST0995,20,9,105400000,4,5,5,455,Champions
CUST0996,6,7,37000000,5,5,3,553,Loyal Customers
CUST0997,107,4,41500000,1,3,3,133,At Risk
CUST0998,21,4,29300000,4,3,2,432,Loyal Customers
CUST0999,130,5,51000000,1,4,4,144,At Risk
